,Pokemon,Type I,Type II,HP,Atk,Def,SpA,SpD,Spe,Move 1 ,Move 2,Move 3,Move 4,Move 1
0,Bulbasaur,Grass,Poison,45,49,49,65,65,45,Razor Leaf,#e@dbutt,G:g@ Dr@:n,V:ne Wh:p,R@z*r Le@f
1,Ivysaur,Grass,Poison,60,62,63,80,80,60,Solarbeam,Fury Cutter,Leech $eed,$unny D@y,$*!@rbe@m
2,Venusaur,Grass,Poison,80,82,83,100,100,80,Giga Drain,T@ck!e,P*:s*np*wder,$*!@rbe@m,G:g@ Dr@:n
3,Charmander,Fire,,39,52,43,60,50,65,Flamethrower,$!@sh,Dr@g*nbre@th,3mber,F!@methr*wer
4,Charmeleon,Fire,,58,64,58,80,65,80,Fire Blast,$trength,D:g,$m*kescreen,F:re B!@st
5,Charizard,Fire,Flying,78,84,78,109,85,100,Fire Punch,F!y,Dr@g*nbre@th,F!@methr*wer,F:re Punch
6,Squirtle,Water,,44,48,65,60,54,43,Surf,B:te,B!:zz@rd,Gr*w!,$urf
7,Wartortle,Water,,59,63,80,65,80,58,Waterfall,!cy W:nd,D:g,R@p:d $p:n,W@terf@!!
8,Blastoise,Water,,79,83,100,85,105,78,Hydro Pump,R@p:d $p:n,3@rthqu@ke,$urf,#ydr* Pump
9,Caterpie,Bug,,45,30,35,20,20,45,Tackle,$tr:ng $h*t,T@ck!e,$tr:ng $h*t,T@ck!e
10,Metapod,Bug,,50,20,55,25,25,30,Tackle,#@rden,T@ck!e,#@rden,T@ck!e
11,Butterfree,Bug,Flying,60,45,50,80,80,70,Gust,Psych:c,#yper Be@m,$tun $p*re,Gust
12,Weedle,Bug,Poison,40,35,30,20,20,50,Poison Sting,$tr:ng $h*t,P*:s*n $t:ng,$tr:ng $h*t,P*:s*n $t:ng
13,Kakuna,Bug,Poison,45,25,50,25,25,35,Tackle,#@rden,T@ck!e,#@rden,T@ck!e
14,Beedrill,Bug,Poison,65,80,40,40,80,75,Twineedle,$!udge B*mb,Pursu:t,F*cus 3nergy,Tw:need!e
15,Pidgey,Normal,Flying,40,45,40,35,35,56,Fly,Return,$tee! W:ng,$@nd-@tt@ck,F!y
16,Pidgeotto,Normal,Flying,63,60,55,50,50,71,Fly,$w:ft,$tee! W:ng,Aer:@! Ace,F!y
17,Pidgeot,Normal,Flying,83,80,75,70,70,91,Fly,$w:ft,#yper Be@m,Aer:@! Ace,F!y
18,Rattata,Normal,,30,56,35,25,35,72,Super Fang,#e@dbutt,$h@d*w B@!!,F*cus 3nergy,$uper F@ng
19,Raticate,Normal,,55,81,60,50,70,97,Super Fang,#yper F@ng,Pursu:t,$c@ry F@ce,$uper F@ng
20,Spearow,Normal,Flying,40,60,30,31,31,70,Drill Peck,Frustr@t:*n,$tee! W:ng,Gr*w!,Dr:!! Peck
21,Fearow,Normal,Flying,65,90,65,61,61,100,Drill Peck,#yper Be@m,Pursu:t,F!y,Dr:!! Peck
22,Ekans,Poison,,30,60,44,40,54,55,Sludge Bomb,B:te,D:g,Wr@p,$!udge B*mb
23,Arbok,Poison,,60,85,69,65,79,80,Sludge Bomb,3@rthqu@ke,$trength,D:g,$!udge B*mb
24,Pikachu,Electric,,35,55,30,50,40,90,Thunderbolt,$urf,!r*n T@:!,Thunder W@ve,Thunderb*!t
25,Raichu,Electric,,60,90,55,90,80,100,Thunder,Qu:ck Att@ck,$p@rk,B*dy $!@m,Thunder
26,Sandshrew,Ground,,50,75,85,20,30,40,Earthquake,Fury $w:pes,Defense Cur!,Fury Cutter,3@rthqu@ke
27,Sandslash,Ground,,75,100,110,45,55,65,Earthquake,$!@sh,R*!!*ut,Fury $w:pes,3@rthqu@ke
28,Nidoran,Poison,,55,47,52,40,40,41,Headbutt,!r*n T@:!,B!:zz@rd,P*:s*n $t:ng,#e@dbutt
29,Nidorina,Poison,,70,62,67,55,55,56,Strength,B:te,B!:zz@rd,P*:s*n $t:ng,$trength
30,Nidoqueen,Poison,Ground,90,82,87,75,85,76,Body Slam,3@rthqu@ke,!ce Punch,P*:s*n $t:ng,B*dy $!@m
31,Nidorino,Poison,,61,72,57,55,55,65,Strength,D*ub!e K:ck,Thunder,#*rn Att@ck,$trength
32,Nidoking,Poison,Ground,81,92,77,85,75,85,Thunder,3@rthqu@ke,#*rn Att@ck,Mud-$!@p,Thunder
33,Clefairy,Normal,,70,45,48,60,65,35,Strength,Psych:c,Gr*w!,T@ck!e,$trength
34,Clefable,Normal,,95,70,73,85,90,60,Strength,#e@dbutt,!ce Punch,Psych:c,$trength
35,Vulpix,Fire,,38,41,40,50,65,65,Flamethrower,D:g,3mber,Qu:ck Att@ck,F!@methr*wer
36,Ninetales,Fire,,73,76,75,81,100,100,Fire Blast,Overhe@t,D:g,Qu:ck Att@ck,F:re B!@st
37,Jigglypuff,Normal,,115,45,20,45,25,20,Body Slam,R*!!*ut,Defense Cur!,D*ub!e-3dge,B*dy $!@m
38,Wigglytuff,Normal,,140,70,45,75,50,45,Double-Edge,F:re Punch,R*!!*ut,B*dy $!@m,D*ub!e-3dge
39,Zubat,Poison,Flying,40,45,35,30,40,55,Wing Attack,G:g@ Dr@:n,A:r Cutter,B:te,W:ng Att@ck
40,Golbat,Poison,Flying,75,80,70,65,75,90,Crunch,Aer:@! Ace,W:ng Att@ck,G:g@ Dr@:n,Crunch
41,Oddish,Grass,Poison,45,50,55,75,65,30,Giga Drain,$!udge B*mb,Ac:d,$*!@rbe@m,G:g@ Dr@:n
42,Gloom,Grass,Poison,60,65,70,85,75,40,Solarbeam,$!udge B*mb,Ac:d,G:g@ Dr@:n,$*!@rbe@m
43,Vileplume,Grass,Poison,75,80,85,100,90,50,Petal Dance,Ac:d,$*!@rbe@m,G:g@ Dr@:n,Pet@! D@nce
44,Paras,Bug,Grass,35,70,55,45,55,25,Giga Drain,$!@sh,Fury Cutter,Gr*wth,G:g@ Dr@:n
45,Parasect,Bug,Grass,60,95,80,60,80,30,Giga Drain,$!@sh,Fury Cutter,Gr*wth,G:g@ Dr@:n
46,Venonat,Bug,Poison,60,55,50,40,55,45,Sludge Bomb,Psych:c,T@ck!e,Gr*w!,$!udge B*mb
47,Venomoth,Bug,Poison,70,65,60,90,75,90,Sludge Bomb,Psych:c,Psybe@m,Leech L:fe,$!udge B*mb
48,Diglett,Ground,,10,55,25,35,45,95,Earthquake,$!@sh,Gr*w!,D:g,3@rthqu@ke
49,Dugtrio,Ground,,35,80,50,50,70,120,Earthquake,$!@sh,D:g,Gr*w!,3@rthqu@ke
50,Meowth,Normal,,40,45,35,40,40,90,Slash,F@:nt Att@ck,$h@d*w B@!!,B:te,$!@sh
51,Persian,Normal,,65,70,60,65,65,115,Headbutt,$!@sh,F@:nt Att@ck,$h@d*w B@!!,#e@dbutt
52,Psyduck,Water,,50,52,48,65,50,55,Dig,C*nfus:*n,$urf,$cr@tch,D:g
53,Golduck,Water,,80,82,78,95,80,85,Hydro Pump,Psych:c,D:g,$urf,#ydr* Pump
54,Mankey,Fighting,,40,80,35,35,45,70,Cross Chop,$trength,K@r@te Ch*p,R*ck $m@sh,Cr*ss Ch*p
55,Primeape,Fighting,,65,105,60,60,70,95,Cross Chop,$trength,K@r@te Ch*p,R*ck $m@sh,Cr*ss Ch*p
56,Growlithe,Fire,,55,70,45,70,50,60,Ember,B:te,D:g,T@ck!e,3mber
57,Arcanine,Fire,,90,110,80,100,80,95,Flame Wheel,3xtremespeed,F!@methr*wer,D:g,F!@me Whee!
58,Poliwag,Water,,40,50,40,40,40,90,Water Gun,B*dy $!@m,$urf,T@ck!e,W@ter Gun
59,Poliwhirl,Water,,65,65,65,50,50,90,Surf,B*dy $!@m,T@ck!e,W@ter Gun,$urf
60,Poliwrath,Water,Fighting,90,85,95,70,90,70,Dynamicpunch,#ydr* Pump,M@ch Punch,B*dy $!@m,Dyn@m:cpunch
61,Abra,Psychic,,25,20,15,105,55,90,Confusion,Psybe@m,Ref!ect,Thunderpunch,C*nfus:*n
62,Kadabra,Psychic,,40,35,30,120,70,105,Psychic,Psybe@m,Ref!ect,Thunderpunch,Psych:c
63,Alakazam,Psychic,,55,50,45,135,85,120,Psychic,!ce Punch,Thunder,$h@d*w B@!!,Psych:c
64,Machop,Fighting,,70,80,50,35,35,35,Strength,R*ck $m@sh,Cr*ss Ch*p,D:g,$trength
65,Machoke,Fighting,,80,100,70,50,60,45,Strength,R*ck $m@sh,Cr*ss Ch*p,D:g,$trength
66,Machamp,Fighting,,90,130,80,65,85,55,Thunderpunch,F:re Punch,$trength,Cr*ss Ch*p,Thunderpunch
67,Bellsprout,Grass,Poison,50,75,35,70,30,40,Giga Drain,$!udge B*mb,R@z*r Le@f,Ac:d,G:g@ Dr@:n
68,Weepinbell,Grass,Poison,65,90,50,85,45,55,Giga Drain,$!udge B*mb,R@z*r Le@f,Ac:d,G:g@ Dr@:n
69,Victreebel,Grass,Poison,80,105,65,100,60,70,Solarbeam,$!udge B*mb,G:g@ Dr@:n,R@z*r Le@f,$*!@rbe@m
70,Tentacool,Water,Poison,40,40,35,50,100,70,Surf,$!udge B*mb,B!:zz@rd,Bubb!ebe@m,$urf
71,Tentacruel,Water,Poison,80,70,65,80,120,100,Surf,$!udge B*mb,B!:zz@rd,Bubb!ebe@m,$urf
72,Geodude,Rock,Ground,40,80,100,30,30,20,Earthquake,R*!!*ut,R*ck $!:de,R*ck $m@sh,3@rthqu@ke
73,Graveler,Rock,Ground,55,95,115,45,45,35,Earthquake,R*!!*ut,R*ck $!:de,R*ck $m@sh,3@rthqu@ke
74,Golem,Rock,Ground,80,110,130,55,65,45,Earthquake,R*!!*ut,R*ck $!:de,R*ck $m@sh,3@rthqu@ke
75,Ponyta,Fire,,50,85,55,65,65,90,Fire Blast,#e@dbutt,F!@methr*wer,$t*mp,F:re B!@st
76,Rapidash,Fire,,65,100,70,80,80,105,Fire Blast,#e@dbutt,F!@methr*wer,$t*mp,F:re B!@st
77,Slowpoke,Water,Psychic,90,65,65,40,40,15,Surf,Psych:c,3@rthqu@ke,!ce Be@m,$urf
78,Slowbro,Water,Psychic,95,75,110,100,80,30,Surf,Psych:c,3@rthqu@ke,!ce Be@m,$urf
79,Magnemite,Electric,Steel,25,35,70,95,55,45,Thunder,$w:ft,Thunderb*!t,$h*ck W@ve,Thunder
80,Magneton,Electric,Steel,50,60,95,120,70,70,Thunder,$w:ft,Thunderb*!t,$h*ck W@ve,Thunder
81,Farfetch'd,Normal,Flying,52,65,55,58,62,60,Slash,F!y,$tee! W:ng,W:ng Att@ck,$!@sh
82,Doduo,Normal,Flying,35,85,45,35,35,75,Drill Peck,Tr: Att@ck,$tee! W:ng,Pursu:t,Dr:!! Peck
83,Dodrio,Normal,Flying,60,110,70,60,60,100,Drill Peck,Tr: Att@ck,$tee! W:ng,Pursu:t,Dr:!! Peck
84,Seel,Water,,65,45,55,45,70,45,Surf,!ce Be@m,#e@dbutt,Aur*r@ Be@m,$urf
85,Dewgong,Water,Ice,90,70,80,70,95,70,Surf,!ce Be@m,#e@dbutt,Aur*r@ Be@m,$urf
86,Grimer,Poison,,80,80,50,40,50,25,Sludge Bomb,$!udge,Ac:d,Dyn@m:cpunch,$!udge B*mb
87,Muk,Poison,,105,105,75,65,100,50,Sludge Bomb,$!udge,Ac:d,Dyn@m:cpunch,$!udge B*mb
88,Shellder,Water,,30,65,100,45,25,40,Surf,!ce Be@m,$w:ft,Aur*r@ Be@m,$urf
89,Cloyster,Water,Ice,50,90,180,85,45,70,Surf,!ce Be@m,$w:ft,Aur*r@ Be@m,$urf
90,Gastly,Ghost,Poison,30,35,30,100,35,80,Shadow Ball,Psych:c,Th:ef,$!udge B*mb,$h@d*w B@!!
91,Haunter,Ghost,Poison,45,50,45,115,55,95,Shadow Ball,Psych:c,Th:ef,$!udge B*mb,$h@d*w B@!!
92,Gengar,Ghost,Poison,60,65,60,130,75,110,Shadow Ball,Psych:c,Th:ef,$!udge B*mb,$h@d*w B@!!
93,Onix,Rock,Ground,35,45,160,30,45,70,Earthquake,R*ck Thr*w,$trength,T@ck!e,3@rthqu@ke
94,Drowzee,Psychic,,60,48,45,43,90,42,Psychic,#e@dbutt,B*dy $!@m ,C*nfus:*n,Psych:c
95,Hypno,Psychic,,85,73,70,73,115,67,Psychic,#e@dbutt,B*dy $!@m,C*nfus:*n,Psych:c
96,Krabby,Water,,30,105,90,25,25,50,Crabhammer,$trength,B!:zz@rd,$urf,Cr@bh@mmer
97,Kingler,Water,,55,130,115,50,50,75,Crabhammer,$trength,B!:zz@rd,$urf,Cr@bh@mmer
98,Voltorb,Electric,,40,30,50,55,55,100,Thunder,Thunderb*!t,$h*ck W@ve,$w:ft,Thunder
99,Electrode,Electric,,60,50,70,80,80,140,Thunder,Thunderb*!t,$h*ck W@ve,$w:ft,Thunder
100,Exeggcute,Grass,Psychic,60,40,80,60,45,40,Psychic,G:g@ Dr@:n,3gg B*mb,C*nfus:*n,Psych:c
101,Exeggutor,Grass,Psychic,95,95,85,125,65,55,Psychic,G:g@ Dr@:n,3gg B*mb,C*nfus:*n,Psych:c
102,Cubone,Ground,,50,50,95,40,50,35,Bonemerang,#e@dbutt,!cy W:nd,D:g,B*nemer@ng
103,Marowak,Ground,,60,80,110,50,80,45,Bonemerang,#e@dbutt,!cy W:nd,D:g,B*nemer@ng
104,Hitmonlee,Fighting,,50,120,53,35,110,87,Hi Jump Kick,Meg@ K:ck,D*ub!e K:ck,$trength,#: Jump K:ck
105,Hitmonchan,Fighting,,50,105,79,35,110,76,Mach Punch,$trength,!ce Punch,F:re Punch,M@ch Punch
106,Lickitung,Normal,,90,55,75,60,75,30,Hyper Beam,$h@d*w B@!!,$urf,Gr*w!,#yper Be@m
107,Koffing,Poison,,40,65,95,60,45,35,Sludge Bomb,F:re B!@st,Z@p C@nn*n,$e!fdestruct,$!udge B*mb
108,Weezing,Poison,,65,90,120,85,70,60,Sludge Bomb,F:re B!@st,Z@p C@nn*n,$e!fdestruct,$!udge B*mb
109,Rhyhorn,Ground,Rock,80,85,95,30,30,25,Earthquake,R*!!*ut,!r*n T@:!,D:g,3@rthqu@ke
110,Rhydon,Ground,Rock,105,130,120,45,45,40,Earthquake,R*!!*ut,!r*n T@:!,D:g,3@rthqu@ke
111,Chansey,Normal,,250,5,5,35,105,50,Egg Bomb,B!:zz@rd,Gr*w!,B*dy $!@m,3gg B*mb
112,Tangela,Grass,,65,55,115,100,40,60,Giga Drain,Th:ef,$*!@rbe@m,$!eep P*wder,G:g@ Dr@:n
113,Kangaskhan,Normal,,105,95,80,40,80,90,Dizzy Punch,B:te,$urf,3@rthqu@ke,D:zzy Punch
114,Horsea,Water,,30,40,70,70,25,60,Hydro Pump,B!:zz@rd,$urf,$w:ft,#ydr* Pump
115,Seadra,Water,,55,65,95,95,45,85,Hydro Pump,B!:zz@rd,$urf,Dr@g*nbre@th,#ydr* Pump
116,Goldeen,Water,,45,67,60,35,50,63,Surf,#*rn Att@ck,W@terf@!!,Bubb!ebe@m,$urf
117,Seaking,Water,,80,92,65,65,80,68,Surf,#*rn Att@ck,W@terf@!!,Bubb!ebe@m,$urf
118,Staryu,Water,,30,45,55,70,55,85,Psychic,#ydr* Pump,Thunder,R@p:d $p:n,Psych:c
119,Starmie,Water,Psychic,60,75,85,100,85,115,Psychic,#ydr* Pump,Thunder,R@p:d $p:n,Psych:c
120,Mr. Mime,Psychic,,40,45,65,100,120,90,Psybeam,Psych:c,$h@d*w B@!!,Ref!ect,Psybe@m
121,Scyther,Bug,Flying,70,110,80,55,80,105,Wing Attack,Pursu:t,$!@sh,$w:ft,W:ng Att@ck
122,Jynx,Ice,Psychic,65,50,35,115,95,95,Ice Punch,Psych:c,!ce Be@m,L:ck,!ce Punch
123,Electabuzz,Electric,,65,83,57,95,85,105,Thunderpunch,$w:ft,Thunderb*!t,Thunder W@ve,Thunderpunch
124,Magmar,Fire,,65,95,57,100,85,93,Fire Punch,F!@methr*wer,Thunderpunch,Br:ck Bre@k,F:re Punch
125,Pinsir,Bug,,65,125,100,55,70,85,Fury Cutter,V:cegr:p,$ubm:ss:*n,3@rthqu@ke,Fury Cutter
126,Tauros,Normal,,75,100,95,40,70,110,Take Down,Pursu:t,R*ck $m@sh,B*dy $!@m,T@ke D*wn
127,Magikarp,Water,,20,10,55,15,20,80,Tackle,F!@:!,T@ck!e,F!@:!,T@ck!e
128,Gyarados,Water,Flying,95,125,79,60,100,81,Waterfall,Dr@g*nbre@th,$urf,3@rthqu@ke,W@terf@!!
129,Lapras,Water,Ice,130,85,80,85,95,60,Waterfall,$urf,!ce Be@m,Thunderb*!t,W@terf@!!
130,Ditto,Normal,,48,48,48,48,48,48,Tackle,T@ck!e,T@ck!e,T@ck!e,T@ck!e
131,Eevee,Normal,,55,55,50,45,65,55,Take Down,!r*n T@:!,$h@d*w B@!!,Gr*w!,T@ke D*wn
132,Vaporeon,Water,,130,65,60,110,95,65,Waterfall,$urf,!ce Be@m,Qu:ck Att@ck,W@terf@!!
133,Jolteon,Electric,,65,65,60,110,95,130,Thunderbolt,P:n M:ss:!e,D*ub!e K:ck,Qu:ck Att@ck,Thunderb*!t
134,Flareon,Fire,,65,130,60,95,110,65,Fire Blast,F!@methr*wer,F!@me Whee!,Qu:ck Att@ck,F:re B!@st
135,Porygon,Normal,,65,60,70,85,75,40,Tri Attack,B!:zz@rd,T@ck!e,Gr*w!,Tr: Att@ck
136,Omanyte,Rock,Water,35,40,100,90,55,35,Surf,Anc:entp*wer,B!:zz@rd,$p:ke C@nn*n,$urf
137,Omastar,Rock,Water,70,60,125,115,70,55,Surf,Anc:entp*wer,B!:zz@rd,$p:ke C@nn*n,$urf
138,Kabuto,Rock,Water,30,80,90,55,45,55,Rollout,G:g@ Dr@:n,B!:zz@rd,$urf,R*!!*ut
139,Kabutops,Rock,Water,60,115,105,65,70,80,Rollout,G:g@ Dr@:n,B!:zz@rd,$urf,R*!!*ut
140,Aerodactyl,Rock,Flying,80,105,65,60,75,130,Ancientpower,$tee! W:ng,R*ck $!:de,F!y,Anc:entp*wer
141,Snorlax,Normal,,160,110,65,65,110,30,Headbutt,F:re Punch,Thunderpunch,B*dy $!@m,#e@dbutt
142,Articuno,Ice,Flying,90,85,100,95,125,85,Blizzard,Aer:@! Ace,!ce Be@m,F!y,B!:zz@rd
143,Zapdos,Electric,Flying,90,90,85,125,90,100,Thunder,Thunderb*!t,Aer:@! Ace,F!y,Thunder
144,Moltres,Fire,Flying,90,100,90,125,85,90,Fire Blast,F!@methr*wer,Aer:@! Ace,F!y,F:re B!@st
145,Dratini,Dragon,,41,64,45,50,50,50,Dragonbreath,Outr@ge,Thunderb*!t,#e@dbutt,Dr@g*nbre@th
146,Dragonair,Dragon,,61,84,65,70,70,70,Dragonbreath,F:re B!@st,Thunder W@ve,#e@dbutt,Dr@g*nbre@th
147,Dragonite,Dragon,Flying,91,134,95,100,100,80,Twister,W:ng Att@ck,Thunder,#yper Be@m,Tw:ster
148,Mewtwo,Psychic,,106,110,90,154,90,130,Psychic,!ce Be@m,F:re B!@st,Thunder,Psych:c
149,Mew,Psychic,,100,100,100,100,100,100,Psychic,F!@methr*wer,$h@d*w B@!!,!ce Be@m,Psych:c
