Nat,Pokemon,Type I,Type II,HP,Atk,Def,SpA,SpD,Spe,Move 1 ,Move 2,Move 3,Move 4
0,Bulbasaur,Grass,Poison,55,51,51,35,35,55,Razor Leaf,Headbutt,Giga Drain,Vine Whip
1,Ivysaur,Grass,Poison,40,38,37,20,20,40,Solarbeam,Fury Cutter,Leech Seed,Sunny Day
2,Venusaur,Grass,Poison,20,18,17,0,0,20,Giga Drain,Tackle,Poisonpowder,Solarbeam
3,Charmander,Fire,,61,48,57,40,50,35,Flamethrower,Slash,Dragonbreath,Ember
4,Charmeleon,Fire,,42,36,42,20,35,20,Fire Blast,Strength,Dig,Smokescreen
5,Charizard,Fire,Flying,22,16,22,-9,15,0,Fire Punch,Fly,Dragonbreath,Flamethrower
6,Squirtle,Water,,56,52,35,40,46,57,Surf,Bite,Blizzard,Growl
7,Wartortle,Water,,41,37,20,35,20,42,Waterfall,Icy Wind,Dig,Rapid Spin
8,Blastoise,Water,,21,17,0,15,-5,22,Hydro Pump,Rapid Spin,Earthquake,Surf
9,Caterpie,Bug,,55,70,65,80,80,55,Tackle,String Shot,Tackle,String Shot
10,Metapod,Bug,,50,80,45,75,75,70,Tackle,Harden,Tackle,Harden
11,Butterfree,Bug,Flying,40,55,50,20,20,30,Gust,Psychic,Hyper Beam,Stun Spore
12,Weedle,Bug,Poison,60,65,70,80,80,50,Poison Sting,String Shot,Poison Sting,String Shot
13,Kakuna,Bug,Poison,55,75,50,75,75,65,Tackle,Harden,Tackle,Harden
14,Beedrill,Bug,Poison,35,20,60,60,20,25,Twineedle,Sludge Bomb,Pursuit,Focus Energy
15,Pidgey,Normal,Flying,60,55,60,65,65,44,Fly,Return,Steel Wing,Sand-attack
16,Pidgeotto,Normal,Flying,37,40,45,50,50,29,Fly,Swift,Steel Wing,Aerial Ace
17,Pidgeot,Normal,Flying,17,20,25,30,30,9,Fly,Swift,Hyper Beam,Aerial Ace
18,Rattata,Normal,,70,44,65,75,65,28,Super Fang,Headbutt,Shadow Ball,Focus Energy
19,Raticate,Normal,,45,19,40,50,30,3,Super Fang,Hyper Fang,Pursuit,Scary Face
20,Spearow,Normal,Flying,60,40,70,69,69,30,Drill Peck,Frustration,Steel Wing,Growl
21,Fearow,Normal,Flying,35,10,35,39,39,0,Drill Peck,Hyper Beam,Pursuit,Fly
22,Ekans,Poison,,70,40,56,60,46,45,Sludge Bomb,Bite,Dig,Wrap
23,Arbok,Poison,,40,15,31,35,21,20,Sludge Bomb,Earthquake,Strength,Dig
24,Pikachu,Electric,,65,45,70,50,60,10,Thunderbolt,Surf,Iron Tail,Thunder Wave
25,Raichu,Electric,,40,10,45,10,20,0,Thunder,Quick Attack,Spark,Body Slam
26,Sandshrew,Ground,,50,25,15,80,70,60,Earthquake,Fury Swipes,Defense Curl,Fury Cutter
27,Sandslash,Ground,,25,0,-10,55,45,35,Earthquake,Slash,Rollout,Fury Swipes
28,Nidoran,Poison,,45,53,48,60,60,59,Headbutt,Iron Tail,Blizzard,Poison Sting
29,Nidorina,Poison,,30,38,33,45,45,44,Strength,Bite,Blizzard,Poison Sting
30,Nidoqueen,Poison,Ground,10,18,13,25,15,24,Body Slam,Earthquake,Ice Punch,Poison Sting
31,Nidorino,Poison,,39,28,43,45,45,35,Strength,Double Kick,Thunder,Horn Attack
32,Nidoking,Poison,Ground,19,8,23,15,25,15,Thunder,Earthquake,Horn Attack,Mud-Slap
33,Clefairy,Normal,,30,55,52,40,35,65,Strength,Psychic,Growl,Tackle
34,Clefable,Normal,,5,30,27,15,10,40,Strength,Headbutt,Ice Punch,Psychic
35,Vulpix,Fire,,62,59,60,50,35,35,Flamethrower,Dig,Ember,Quick Attack
36,Ninetales,Fire,,27,24,25,19,0,0,Fire Blast,Overheat,Dig,Quick Attack
37,Jigglypuff,Normal,,-15,55,80,55,75,80,Body Slam,Rollout,Defense Curl,Double-Edge
38,Wigglytuff,Normal,,-40,30,55,25,50,55,Double-Edge,Fire Punch,Rollout,Body Slam
39,Zubat,Poison,Flying,60,55,65,70,60,45,Wing Attack,Giga Drain,Air Cutter,Bite
40,Golbat,Poison,Flying,25,20,30,35,25,10,Crunch,Aerial Ace,Wing Attack,Giga Drain
41,Oddish,Grass,Poison,55,50,45,25,35,70,Giga Drain,Sludge Bomb,Acid,Solarbeam
42,Gloom,Grass,Poison,40,35,30,15,25,60,Solarbeam,Sludge Bomb,Acid,Giga Drain
43,Vileplume,Grass,Poison,25,20,15,0,10,50,Petal Dance,Acid,Solarbeam,Giga Drain
44,Paras,Bug,Grass,65,30,45,55,45,75,Giga Drain,Slash,Fury Cutter,Growth
45,Parasect,Bug,Grass,40,5,20,40,20,70,Giga Drain,Slash,Fury Cutter,Growth
46,Venonat,Bug,Poison,40,45,50,60,45,55,Sludge Bomb,Psychic,Tackle,Growl
47,Venomoth,Bug,Poison,30,35,40,10,25,10,Sludge Bomb,Psychic,Psybeam,Leech Life
48,Diglett,Ground,,90,45,75,65,55,5,Earthquake,Slash,Growl,Dig
49,Dugtrio,Ground,,65,20,50,50,30,-20,Earthquake,Slash,Dig,Growl
50,Meowth,Normal,,60,55,65,60,60,10,Slash,Faint Attack,Shadow Ball,Bite
51,Persian,Normal,,35,30,40,35,35,-15,Headbutt,Slash,Faint Attack,Shadow Ball
52,Psyduck,Water,,50,48,52,35,50,45,Dig,Confusion,Surf,Scratch
53,Golduck,Water,,20,18,22,5,20,15,Hydro Pump,Psychic,Dig,Surf
54,Mankey,Fighting,,60,20,65,65,55,30,Cross Chop,Strength,Karate Chop,Rock Smash
55,Primeape,Fighting,,35,-5,40,40,30,5,Cross Chop,Strength,Karate Chop,Rock Smash
56,Growlithe,Fire,,45,30,55,30,50,40,Ember,Bite,Dig,Tackle
57,Arcanine,Fire,,10,-10,20,0,20,5,Flame Wheel,Extremespeed,Flamethrower,Dig
58,Poliwag,Water,,60,50,60,60,60,10,Water Gun,Body Slam,Surf,Tackle
59,Poliwhirl,Water,,35,35,35,50,50,10,Surf,Body Slam,Tackle,Water Gun
60,Poliwrath,Water,Fighting,10,15,5,30,10,30,Dynamicpunch,Hydro Pump,Mach Punch,Body Slam
61,Abra,Psychic,,75,80,85,-5,45,10,Confusion,Psybeam,Reflect,Thunderpunch
62,Kadabra,Psychic,,60,65,70,-20,30,-5,Psychic,Psybeam,Reflect,Thunderpunch
63,Alakazam,Psychic,,45,50,55,-35,15,-20,Psychic,Ice Punch,Thunder,Shadow Ball
64,Machop,Fighting,,30,20,50,65,65,65,Strength,Rock Smash,Cross Chop,Dig
65,Machoke,Fighting,,20,0,30,50,40,55,Strength,Rock Smash,Cross Chop,Dig
66,Machamp,Fighting,,10,-30,20,35,15,45,Thunderpunch,Fire Punch,Strength,Cross Chop
67,Bellsprout,Grass,Poison,50,25,65,30,70,60,Giga Drain,Sludge Bomb,Razor Leaf,Acid
68,Weepinbell,Grass,Poison,35,10,50,15,55,45,Giga Drain,Sludge Bomb,Razor Leaf,Acid
69,Victreebel,Grass,Poison,20,-5,35,0,40,30,Solarbeam,Sludge Bomb,Giga Drain,Razor Leaf
70,Tentacool,Water,Poison,60,60,65,50,0,30,Surf,Sludge Bomb,Blizzard,Bubblebeam
71,Tentacruel,Water,Poison,20,30,35,20,-20,0,Surf,Sludge Bomb,Blizzard,Bubblebeam
72,Geodude,Rock,Ground,60,20,0,70,70,80,Earthquake,Rollout,Rock Slide,Rock Smash
73,Graveler,Rock,Ground,45,5,-15,55,55,65,Earthquake,Rollout,Rock Slide,Rock Smash
74,Golem,Rock,Ground,20,-10,-30,45,35,55,Earthquake,Rollout,Rock Slide,Rock Smash
75,Ponyta,Fire,,50,15,45,35,35,10,Fire Blast,Headbutt,Flamethrower,Stomp
76,Rapidash,Fire,,35,0,30,20,20,-5,Fire Blast,Headbutt,Flamethrower,Stomp
77,Slowpoke,Water,Psychic,10,35,35,60,60,85,Surf,Psychic,Earthquake,Ice Beam
78,Slowbro,Water,Psychic,5,25,-10,0,20,70,Surf,Psychic,Earthquake,Ice Beam
79,Magnemite,Electric,Steel,75,65,30,5,45,55,Thunder,Swift,Thunderbolt,Shock Wave
80,Magneton,Electric,Steel,50,40,5,-20,30,30,Thunder,Swift,Thunderbolt,Shock Wave
81,Farfetch'd,Normal,Flying,48,35,45,42,38,40,Slash,Fly,Steel Wing,Wing Attack
82,Doduo,Normal,Flying,65,15,55,65,65,25,Drill Peck,Tri Attack,Steel Wing,Pursuit
83,Dodrio,Normal,Flying,40,-10,30,40,40,0,Drill Peck,Tri Attack,Steel Wing,Pursuit
84,Seel,Water,,35,55,45,55,30,55,Surf,Ice Beam,Headbutt,Aurora Beam
85,Dewgong,Water,Ice,10,30,20,30,5,30,Surf,Ice Beam,Headbutt,Aurora Beam
86,Grimer,Poison,,20,20,50,60,50,75,Sludge Bomb,Sludge,Acid,Dynamicpunch
87,Muk,Poison,,-5,-5,25,35,0,50,Sludge Bomb,Sludge,Acid,Dynamicpunch
88,Shellder,Water,,70,35,0,55,75,60,Surf,Ice Beam,Swift,Aurora Beam
89,Cloyster,Water,Ice,50,10,-80,15,55,30,Surf,Ice Beam,Swift,Aurora Beam
90,Gastly,Ghost,Poison,70,65,70,0,65,20,Shadow Ball,Psychic,Thief,Sludge Bomb
91,Haunter,Ghost,Poison,55,50,55,-15,45,5,Shadow Ball,Psychic,Thief,Sludge Bomb
92,Gengar,Ghost,Poison,40,35,40,-30,25,-10,Shadow Ball,Psychic,Thief,Sludge Bomb
93,Onix,Rock,Ground,65,55,-60,70,55,30,Earthquake,Rock Throw,Strength,Tackle
94,Drowzee,Psychic,,40,52,55,57,10,58,Psychic,Headbutt,Body Slam ,Confusion
95,Hypno,Psychic,,15,27,30,27,-15,33,Psychic,Headbutt,Body Slam,Confusion
96,Krabby,Water,,70,-5,10,75,75,50,Crabhammer,Strength,Blizzard,Surf
97,Kingler,Water,,45,-30,-15,50,50,25,Crabhammer,Strength,Blizzard,Surf
98,Voltorb,Electric,,60,70,50,45,45,0,Thunder,Thunderbolt,Shock Wave,Swift
99,Electrode,Electric,,40,50,30,20,20,-40,Thunder,Thunderbolt,Shock Wave,Swift
100,Exeggcute,Grass,Psychic,40,60,20,40,55,60,Psychic,Giga Drain,Egg Bomb,Confusion
101,Exeggutor,Grass,Psychic,5,5,15,-25,35,45,Psychic,Giga Drain,Egg Bomb,Confusion
102,Cubone,Ground,,50,50,5,60,50,65,Bonemerang,Headbutt,Icy Wind,Dig
103,Marowak,Ground,,40,20,-10,50,20,55,Bonemerang,Headbutt,Icy Wind,Dig
104,Hitmonlee,Fighting,,50,-20,47,65,-10,13,Hi Jump Kick,Mega Kick,Double Kick,Strength
105,Hitmonchan,Fighting,,50,-5,21,65,-10,24,Mach Punch,Strength,Ice Punch,Fire Punch
106,Lickitung,Normal,,10,45,25,40,25,70,Hyper Beam,Shadow Ball,Surf,Growl
107,Koffing,Poison,,60,35,5,40,55,65,Sludge Bomb,Fire Blast,Zap Cannon,Selfdestruct
108,Weezing,Poison,,35,10,-20,15,30,40,Sludge Bomb,Fire Blast,Zap Cannon,Selfdestruct
109,Rhyhorn,Ground,Rock,20,15,5,70,70,75,Earthquake,Rollout,Iron Tail,Dig
110,Rhydon,Ground,Rock,-5,-30,-20,55,55,60,Earthquake,Rollout,Iron Tail,Dig
111,Chansey,Normal,,-150,95,95,65,-5,50,Egg Bomb,Blizzard,Growl,Body Slam
112,Tangela,Grass,,35,45,-15,0,60,40,Giga Drain,Thief,Solarbeam,Sleep Powder
113,Kangaskhan,Normal,,-5,5,20,60,20,10,Dizzy Punch,Bite,Surf,Earthquake
114,Horsea,Water,,70,60,30,30,75,40,Hydro Pump,Blizzard,Surf,Swift
115,Seadra,Water,,45,35,5,5,55,15,Hydro Pump,Blizzard,Surf,Dragonbreath
116,Goldeen,Water,,55,33,40,65,50,37,Surf,Horn Attack,Waterfall,Bubblebeam
117,Seaking,Water,,20,8,35,35,20,32,Surf,Horn Attack,Waterfall,Bubblebeam
118,Staryu,Water,,70,55,45,30,45,15,Psychic,Hydro Pump,Thunder,Rapid Spin
119,Starmie,Water,Psychic,40,25,15,0,15,-15,Psychic,Hydro Pump,Thunder,Rapid Spin
120,Mr. Mime,Psychic,,60,55,35,0,-20,10,Psybeam,Psychic,Shadow Ball,Reflect
121,Scyther,Bug,Flying,30,-10,20,45,20,-5,Wing Attack,Pursuit,Slash,Swift
122,Jynx,Ice,Psychic,35,50,65,-15,5,5,Ice Punch,Psychic,Ice Beam,Lick
123,Electabuzz,Electric,,35,17,43,5,15,-5,Thunderpunch,Swift,Thunderbolt,Thunder Wave
124,Magmar,Fire,,35,5,43,0,15,7,Fire Punch,Flamethrower,Thunderpunch,Brick Break
125,Pinsir,Bug,,35,-25,0,45,30,15,Fury Cutter,Vicegrip,Submission,Earthquake
126,Tauros,Normal,,25,0,5,60,30,-10,Take Down,Pursuit,Rock Smash,Body Slam
127,Magikarp,Water,,80,90,45,85,80,20,Tackle,Flail,Tackle,Flail
128,Gyarados,Water,Flying,5,-25,21,40,0,19,Waterfall,Dragonbreath,Surf,Earthquake
129,Lapras,Water,Ice,-30,15,20,15,5,40,Waterfall,Surf,Ice Beam,Thunderbolt
130,Ditto,Normal,,52,52,52,52,52,52,Tackle,Tackle,Tackle,Tackle
131,Eevee,Normal,,45,45,50,55,35,45,Take Down,Iron Tail,Shadow Ball,Growl
132,Vaporeon,Water,,-30,35,40,-10,5,35,Waterfall,Surf,Ice Beam,Quick Attack
133,Jolteon,Electric,,35,35,40,-10,5,-30,Thunderbolt,Pin Missile,Double Kick,Quick Attack
134,Flareon,Fire,,35,-30,40,5,-10,35,Fire Blast,Flamethrower,Flame Wheel,Quick Attack
135,Porygon,Normal,,35,40,30,15,25,60,Tri Attack,Blizzard,Tackle,Growl
136,Omanyte,Rock,Water,65,60,0,10,45,65,Surf,Ancientpower,Blizzard,Spike Cannon
137,Omastar,Rock,Water,30,40,-25,-15,30,45,Surf,Ancientpower,Blizzard,Spike Cannon
138,Kabuto,Rock,Water,70,20,10,45,55,45,Rollout,Giga Drain,Blizzard,Surf
139,Kabutops,Rock,Water,40,-15,-5,35,30,20,Rollout,Giga Drain,Blizzard,Surf
140,Aerodactyl,Rock,Flying,20,-5,35,40,25,-30,Ancientpower,Steel Wing,Rock Slide,Fly
141,Snorlax,Normal,,-60,-10,35,35,-10,70,Headbutt,Fire Punch,Thunderpunch,Body Slam
142,Articuno,Ice,Flying,10,15,0,5,-25,15,Blizzard,Aerial Ace,Ice Beam,Fly
143,Zapdos,Electric,Flying,10,10,15,-25,10,0,Thunder,Thunderbolt,Aerial Ace,Fly
144,Moltres,Fire,Flying,10,0,10,-25,15,10,Fire Blast,Flamethrower,Aerial Ace,Fly
145,Dratini,Dragon,,59,36,55,50,50,50,Dragonbreath,Outrage,Thunderbolt,Headbutt
146,Dragonair,Dragon,,39,16,35,30,30,30,Dragonbreath,Fire Blast,Thunder Wave,Headbutt
147,Dragonite,Dragon,Flying,9,-34,5,0,0,20,Twister,Wing Attack,Thunder,Hyper Beam
148,Mewtwo,Psychic,,-6,-10,10,-54,10,-30,Psychic,Ice Beam,Fire Blast,Thunder
149,WeirdBurger,Psychic,,200,200,200,200,200,200,Psychic,Flamethrower,Shadow Ball,Ice Beam